{"is_source_file": true, "format": "JavaScript (ESM module)", "description": "ESLint configuration file written in JavaScript, setting linting options, plugins, and rules for a project, particularly focusing on React and JavaScript/JSX files.", "external_files": ["@eslint/js", "eslint-plugin-react"], "external_methods": ["pluginJs.configs.recommended", "pluginReact"], "published": [], "classes": [], "methods": [], "calls": ["pluginJs.configs.recommended", "pluginReact"], "search-terms": ["eslint", "eslint-plugin-react", "jsx", "rules", "plugins", "configurations", "react in scope"], "state": 2, "file_id": 11, "knowledge_revision": 23, "git_revision": "743938e3e23b92343229de30b57a9247c7e916d9", "hash": "be6538e7523bc2e9da0743133d784136", "format-version": 4, "code-base-name": "notes_frontend", "filename": "notes_frontend/eslint.config.mjs", "revision_history": [{"23": "743938e3e23b92343229de30b57a9247c7e916d9"}]}