{"is_source_file": false, "format": "", "description": "", "external_files": [], "external_methods": [], "published": [], "classes": [], "methods": [], "calls": [], "search-terms": [], "state": 2, "file_id": 3, "knowledge_revision": 16, "git_revision": "743938e3e23b92343229de30b57a9247c7e916d9", "hash": "d2b40d02d5f7873d8a6713bad837edd4", "format-version": 4, "code-base-name": "notes_frontend", "filename": "notes_frontend/public/index.html", "revision_history": [{"16": "743938e3e23b92343229de30b57a9247c7e916d9"}]}