{"is_source_file": false, "format": "", "description": "", "external_files": [], "external_methods": [], "published": [], "classes": [], "methods": [], "calls": [], "search-terms": [], "state": 2, "file_id": 2, "knowledge_revision": 15, "git_revision": "743938e3e23b92343229de30b57a9247c7e916d9", "hash": "d9d975cebe2ec20b6c652e1e4c12ccf0", "format-version": 4, "code-base-name": "notes_frontend", "filename": "notes_frontend/public/manifest.json", "revision_history": [{"15": "743938e3e23b92343229de30b57a9247c7e916d9"}]}