{"is_source_file": false, "format": null, "description": "", "external_files": [], "external_methods": [], "published": [], "classes": [], "methods": [], "calls": [], "search-terms": [], "state": 2, "file_id": 10, "knowledge_revision": 19, "git_revision": "743938e3e23b92343229de30b57a9247c7e916d9", "hash": "6c2104b8d219ed99234ae2d6329f4357", "format-version": 4, "code-base-name": "notes_frontend", "filename": "notes_frontend/src/index.css", "revision_history": [{"19": "743938e3e23b92343229de30b57a9247c7e916d9"}]}